NAME,total_population,hispanic_or_latino_population,non_hispanic_white_population,percent_non_hispanic_white,state,county,tract
Census Tract 1.01; Milwaukee County; Wisconsin,4462.0,100.0,0.0,0.0,55,079,000101
Census Tract 1.02; Milwaukee County; Wisconsin,3705.0,0.0,19.0,0.5,55,079,000102
Census Tract 2.01; Milwaukee County; Wisconsin,5468.0,0.0,0.0,0.0,55,079,000201
Census Tract 2.02; Milwaukee County; Wisconsin,5643.0,0.0,131.0,2.3,55,079,000202
Census Tract 3.01; Milwaukee County; Wisconsin,1262.0,1.0,27.0,2.1,55,079,000301
Census Tract 3.02; Milwaukee County; Wisconsin,2878.0,0.0,0.0,0.0,55,079,000302
Census Tract 3.03; Milwaukee County; Wisconsin,1935.0,0.0,4.0,0.2,55,079,000303
Census Tract 3.04; Milwaukee County; Wisconsin,3997.0,2.0,6.0,0.2,55,079,000304
Census Tract 4; Milwaukee County; Wisconsin,2970.0,12.0,0.0,0.0,55,079,000400
Census Tract 5.01; Milwaukee County; Wisconsin,3841.0,35.0,105.0,2.7,55,079,000501
Census Tract 5.02; Milwaukee County; Wisconsin,5261.0,20.0,177.0,3.4,55,079,000502
Census Tract 6; Milwaukee County; Wisconsin,5437.0,22.0,288.0,5.3,55,079,000600
Census Tract 7; Milwaukee County; Wisconsin,3932.0,0.0,10.0,0.3,55,079,000700
Census Tract 8; Milwaukee County; Wisconsin,4615.0,0.0,1.0,0.0,55,079,000800
Census Tract 9; Milwaukee County; Wisconsin,4518.0,0.0,19.0,0.4,55,079,000900
Census Tract 10; Milwaukee County; Wisconsin,3626.0,0.0,117.0,3.2,55,079,001000
Census Tract 11; Milwaukee County; Wisconsin,2401.0,0.0,132.0,5.5,55,079,001100
Census Tract 12; Milwaukee County; Wisconsin,3088.0,0.0,0.0,0.0,55,079,001200
Census Tract 13; Milwaukee County; Wisconsin,4404.0,0.0,1.0,0.0,55,079,001300
Census Tract 14; Milwaukee County; Wisconsin,2784.0,0.0,20.0,0.7,55,079,001400
Census Tract 15; Milwaukee County; Wisconsin,2883.0,0.0,78.0,2.7,55,079,001500
Census Tract 16; Milwaukee County; Wisconsin,2457.0,0.0,0.0,0.0,55,079,001600
Census Tract 17; Milwaukee County; Wisconsin,3993.0,0.0,0.0,0.0,55,079,001700
Census Tract 18; Milwaukee County; Wisconsin,2541.0,0.0,0.0,0.0,55,079,001800
Census Tract 19; Milwaukee County; Wisconsin,3552.0,0.0,0.0,0.0,55,079,001900
Census Tract 20; Milwaukee County; Wisconsin,2410.0,19.0,36.0,1.5,55,079,002000
Census Tract 21; Milwaukee County; Wisconsin,2018.0,0.0,0.0,0.0,55,079,002100
Census Tract 22; Milwaukee County; Wisconsin,1927.0,27.0,203.0,10.5,55,079,002200
Census Tract 23; Milwaukee County; Wisconsin,4077.0,0.0,13.0,0.3,55,079,002300
Census Tract 24; Milwaukee County; Wisconsin,2482.0,0.0,121.0,4.9,55,079,002400
Census Tract 25; Milwaukee County; Wisconsin,1961.0,1.0,2.0,0.1,55,079,002500
Census Tract 26; Milwaukee County; Wisconsin,1975.0,66.0,192.0,9.7,55,079,002600
Census Tract 27; Milwaukee County; Wisconsin,2117.0,0.0,3.0,0.1,55,079,002700
Census Tract 28; Milwaukee County; Wisconsin,2311.0,6.0,9.0,0.4,55,079,002800
Census Tract 29; Milwaukee County; Wisconsin,2380.0,0.0,0.0,0.0,55,079,002900
Census Tract 30; Milwaukee County; Wisconsin,3652.0,0.0,90.0,2.5,55,079,003000
Census Tract 31; Milwaukee County; Wisconsin,3851.0,0.0,7.0,0.2,55,079,003100
Census Tract 32; Milwaukee County; Wisconsin,2801.0,0.0,16.0,0.6,55,079,003200
Census Tract 33; Milwaukee County; Wisconsin,4755.0,18.0,8.0,0.2,55,079,003300
Census Tract 34; Milwaukee County; Wisconsin,5383.0,0.0,16.0,0.3,55,079,003400
Census Tract 35; Milwaukee County; Wisconsin,3706.0,15.0,54.0,1.5,55,079,003500
Census Tract 36; Milwaukee County; Wisconsin,1596.0,0.0,0.0,0.0,55,079,003600
Census Tract 37; Milwaukee County; Wisconsin,2393.0,0.0,11.0,0.5,55,079,003700
Census Tract 38; Milwaukee County; Wisconsin,2410.0,0.0,68.0,2.8,55,079,003800
Census Tract 39; Milwaukee County; Wisconsin,2393.0,3.0,0.0,0.0,55,079,003900
Census Tract 40; Milwaukee County; Wisconsin,2427.0,12.0,1.0,0.0,55,079,004000
Census Tract 41; Milwaukee County; Wisconsin,3130.0,0.0,377.0,12.0,55,079,004100
Census Tract 42; Milwaukee County; Wisconsin,2739.0,0.0,2.0,0.1,55,079,004200
Census Tract 43; Milwaukee County; Wisconsin,4726.0,0.0,0.0,0.0,55,079,004300
Census Tract 44; Milwaukee County; Wisconsin,2134.0,0.0,103.0,4.8,55,079,004400
Census Tract 45; Milwaukee County; Wisconsin,1743.0,1.0,0.0,0.0,55,079,004500
Census Tract 46; Milwaukee County; Wisconsin,2876.0,0.0,0.0,0.0,55,079,004600
Census Tract 47; Milwaukee County; Wisconsin,3640.0,0.0,0.0,0.0,55,079,004700
Census Tract 48; Milwaukee County; Wisconsin,3256.0,0.0,0.0,0.0,55,079,004800
Census Tract 49; Milwaukee County; Wisconsin,3415.0,0.0,0.0,0.0,55,079,004900
Census Tract 50; Milwaukee County; Wisconsin,4484.0,9.0,19.0,0.4,55,079,005000
Census Tract 51; Milwaukee County; Wisconsin,3032.0,0.0,56.0,1.8,55,079,005100
Census Tract 52; Milwaukee County; Wisconsin,1474.0,0.0,12.0,0.8,55,079,005200
Census Tract 53; Milwaukee County; Wisconsin,1817.0,4.0,46.0,2.5,55,079,005300
Census Tract 54; Milwaukee County; Wisconsin,3148.0,16.0,35.0,1.1,55,079,005400
Census Tract 55; Milwaukee County; Wisconsin,3330.0,0.0,179.0,5.4,55,079,005500
Census Tract 56; Milwaukee County; Wisconsin,2204.0,19.0,64.0,2.9,55,079,005600
Census Tract 57; Milwaukee County; Wisconsin,2017.0,90.0,46.0,2.3,55,079,005700
Census Tract 58; Milwaukee County; Wisconsin,3208.0,5.0,36.0,1.1,55,079,005800
Census Tract 59; Milwaukee County; Wisconsin,3597.0,27.0,150.0,4.2,55,079,005900
Census Tract 60; Milwaukee County; Wisconsin,2555.0,0.0,0.0,0.0,55,079,006000
Census Tract 61; Milwaukee County; Wisconsin,2116.0,0.0,95.0,4.5,55,079,006100
Census Tract 62; Milwaukee County; Wisconsin,2109.0,9.0,14.0,0.7,55,079,006200
Census Tract 63; Milwaukee County; Wisconsin,1418.0,0.0,0.0,0.0,55,079,006300
Census Tract 64; Milwaukee County; Wisconsin,1821.0,0.0,0.0,0.0,55,079,006400
Census Tract 65; Milwaukee County; Wisconsin,2166.0,0.0,12.0,0.6,55,079,006500
Census Tract 66; Milwaukee County; Wisconsin,1818.0,4.0,0.0,0.0,55,079,006600
Census Tract 67; Milwaukee County; Wisconsin,1013.0,0.0,5.0,0.5,55,079,006700
Census Tract 68; Milwaukee County; Wisconsin,2056.0,0.0,0.0,0.0,55,079,006800
Census Tract 69; Milwaukee County; Wisconsin,2649.0,29.0,7.0,0.3,55,079,006900
Census Tract 70; Milwaukee County; Wisconsin,2366.0,0.0,26.0,1.1,55,079,007000
Census Tract 71; Milwaukee County; Wisconsin,1827.0,17.0,66.0,3.6,55,079,007100
Census Tract 72; Milwaukee County; Wisconsin,2565.0,10.0,47.0,1.8,55,079,007200
Census Tract 73; Milwaukee County; Wisconsin,1809.0,33.0,48.0,2.7,55,079,007300
Census Tract 74; Milwaukee County; Wisconsin,3776.0,14.0,122.0,3.2,55,079,007400
Census Tract 75; Milwaukee County; Wisconsin,2623.0,7.0,71.0,2.7,55,079,007500
Census Tract 76; Milwaukee County; Wisconsin,3209.0,0.0,51.0,1.6,55,079,007600
Census Tract 77; Milwaukee County; Wisconsin,3457.0,11.0,52.0,1.5,55,079,007700
Census Tract 78; Milwaukee County; Wisconsin,3052.0,0.0,69.0,2.3,55,079,007800
Census Tract 79; Milwaukee County; Wisconsin,2183.0,52.0,109.0,5.0,55,079,007900
Census Tract 80; Milwaukee County; Wisconsin,1646.0,38.0,31.0,1.9,55,079,008000
Census Tract 81; Milwaukee County; Wisconsin,1298.0,6.0,250.0,19.3,55,079,008100
Census Tract 84; Milwaukee County; Wisconsin,648.0,9.0,0.0,0.0,55,079,008400
Census Tract 85; Milwaukee County; Wisconsin,1195.0,4.0,39.0,3.3,55,079,008500
Census Tract 86; Milwaukee County; Wisconsin,834.0,0.0,1.0,0.1,55,079,008600
Census Tract 87; Milwaukee County; Wisconsin,813.0,0.0,18.0,2.2,55,079,008700
Census Tract 88; Milwaukee County; Wisconsin,1376.0,0.0,0.0,0.0,55,079,008800
Census Tract 89; Milwaukee County; Wisconsin,1215.0,0.0,54.0,4.4,55,079,008900
Census Tract 90; Milwaukee County; Wisconsin,1829.0,0.0,4.0,0.2,55,079,009000
Census Tract 91; Milwaukee County; Wisconsin,1955.0,15.0,0.0,0.0,55,079,009100
Census Tract 92; Milwaukee County; Wisconsin,1744.0,31.0,116.0,6.7,55,079,009200
Census Tract 93; Milwaukee County; Wisconsin,2634.0,16.0,47.0,1.8,55,079,009300
Census Tract 94; Milwaukee County; Wisconsin,2481.0,8.0,97.0,3.9,55,079,009400
Census Tract 95; Milwaukee County; Wisconsin,1944.0,0.0,21.0,1.1,55,079,009500
Census Tract 96; Milwaukee County; Wisconsin,1621.0,0.0,0.0,0.0,55,079,009600
Census Tract 97; Milwaukee County; Wisconsin,1235.0,5.0,2.0,0.2,55,079,009700
Census Tract 98; Milwaukee County; Wisconsin,1486.0,0.0,25.0,1.7,55,079,009800
Census Tract 99; Milwaukee County; Wisconsin,1019.0,0.0,0.0,0.0,55,079,009900
Census Tract 106; Milwaukee County; Wisconsin,845.0,3.0,61.0,7.2,55,079,010600
Census Tract 107; Milwaukee County; Wisconsin,2089.0,72.0,104.0,5.0,55,079,010700
Census Tract 108; Milwaukee County; Wisconsin,2304.0,54.0,27.0,1.2,55,079,010800
Census Tract 110; Milwaukee County; Wisconsin,3502.0,13.0,125.0,3.6,55,079,011000
Census Tract 111; Milwaukee County; Wisconsin,1479.0,0.0,118.0,8.0,55,079,011100
Census Tract 112; Milwaukee County; Wisconsin,2460.0,17.0,39.0,1.6,55,079,011200
Census Tract 113; Milwaukee County; Wisconsin,2691.0,13.0,137.0,5.1,55,079,011300
Census Tract 114; Milwaukee County; Wisconsin,1541.0,13.0,5.0,0.3,55,079,011400
Census Tract 122; Milwaukee County; Wisconsin,1889.0,0.0,0.0,0.0,55,079,012200
Census Tract 123; Milwaukee County; Wisconsin,895.0,0.0,72.0,8.0,55,079,012300
Census Tract 124; Milwaukee County; Wisconsin,2527.0,27.0,142.0,5.6,55,079,012400
Census Tract 125; Milwaukee County; Wisconsin,1876.0,44.0,108.0,5.8,55,079,012500
Census Tract 126; Milwaukee County; Wisconsin,2134.0,0.0,83.0,3.9,55,079,012600
Census Tract 127; Milwaukee County; Wisconsin,1165.0,0.0,60.0,5.2,55,079,012700
Census Tract 128; Milwaukee County; Wisconsin,2871.0,0.0,100.0,3.5,55,079,012800
Census Tract 129; Milwaukee County; Wisconsin,2691.0,4.0,196.0,7.3,55,079,012900
Census Tract 130; Milwaukee County; Wisconsin,1637.0,43.0,203.0,12.4,55,079,013000
Census Tract 133; Milwaukee County; Wisconsin,970.0,5.0,40.0,4.1,55,079,013300
Census Tract 134; Milwaukee County; Wisconsin,2270.0,0.0,337.0,14.8,55,079,013400
Census Tract 135; Milwaukee County; Wisconsin,1690.0,5.0,88.0,5.2,55,079,013500
Census Tract 136; Milwaukee County; Wisconsin,2046.0,0.0,0.0,0.0,55,079,013600
Census Tract 137; Milwaukee County; Wisconsin,1293.0,0.0,68.0,5.3,55,079,013700
Census Tract 141; Milwaukee County; Wisconsin,1959.0,0.0,18.0,0.9,55,079,014100
Census Tract 143; Milwaukee County; Wisconsin,2516.0,25.0,40.0,1.6,55,079,014300
Census Tract 144; Milwaukee County; Wisconsin,3246.0,17.0,57.0,1.8,55,079,014400
Census Tract 146; Milwaukee County; Wisconsin,2891.0,4.0,49.0,1.7,55,079,014600
Census Tract 147; Milwaukee County; Wisconsin,3125.0,19.0,45.0,1.4,55,079,014700
Census Tract 148; Milwaukee County; Wisconsin,2421.0,0.0,94.0,3.9,55,079,014800
Census Tract 149; Milwaukee County; Wisconsin,1045.0,5.0,123.0,11.8,55,079,014900
Census Tract 157; Milwaukee County; Wisconsin,2872.0,14.0,1309.0,45.6,55,079,015700
Census Tract 158; Milwaukee County; Wisconsin,2563.0,0.0,919.0,35.9,55,079,015800
Census Tract 159; Milwaukee County; Wisconsin,3437.0,14.0,860.0,25.0,55,079,015900
Census Tract 160; Milwaukee County; Wisconsin,3225.0,0.0,1417.0,43.9,55,079,016000
Census Tract 161; Milwaukee County; Wisconsin,3423.0,7.0,1235.0,36.1,55,079,016100
Census Tract 162; Milwaukee County; Wisconsin,3680.0,0.0,876.0,23.8,55,079,016200
Census Tract 163; Milwaukee County; Wisconsin,5320.0,0.0,2129.0,40.0,55,079,016300
Census Tract 164; Milwaukee County; Wisconsin,4219.0,21.0,2362.0,56.0,55,079,016400
Census Tract 165; Milwaukee County; Wisconsin,2137.0,0.0,629.0,29.4,55,079,016500
Census Tract 166; Milwaukee County; Wisconsin,2070.0,3.0,843.0,40.7,55,079,016600
Census Tract 167; Milwaukee County; Wisconsin,3035.0,128.0,1004.0,33.1,55,079,016700
Census Tract 168; Milwaukee County; Wisconsin,2984.0,55.0,1257.0,42.1,55,079,016800
Census Tract 169; Milwaukee County; Wisconsin,4122.0,11.0,1677.0,40.7,55,079,016900
Census Tract 170; Milwaukee County; Wisconsin,4895.0,21.0,1960.0,40.0,55,079,017000
Census Tract 171; Milwaukee County; Wisconsin,2640.0,0.0,1343.0,50.9,55,079,017100
Census Tract 172; Milwaukee County; Wisconsin,2676.0,0.0,1113.0,41.6,55,079,017200
Census Tract 173; Milwaukee County; Wisconsin,3931.0,0.0,817.0,20.8,55,079,017300
Census Tract 174; Milwaukee County; Wisconsin,2762.0,0.0,1571.0,56.9,55,079,017400
Census Tract 175; Milwaukee County; Wisconsin,4055.0,14.0,1981.0,48.9,55,079,017500
Census Tract 176; Milwaukee County; Wisconsin,2644.0,5.0,1344.0,50.8,55,079,017600
Census Tract 179; Milwaukee County; Wisconsin,2749.0,42.0,125.0,4.5,55,079,017900
Census Tract 180; Milwaukee County; Wisconsin,2886.0,57.0,365.0,12.6,55,079,018000
Census Tract 181; Milwaukee County; Wisconsin,1912.0,12.0,45.0,2.4,55,079,018100
Census Tract 182; Milwaukee County; Wisconsin,1589.0,15.0,102.0,6.4,55,079,018200
Census Tract 183; Milwaukee County; Wisconsin,2314.0,0.0,72.0,3.1,55,079,018300
Census Tract 184; Milwaukee County; Wisconsin,1318.0,0.0,143.0,10.8,55,079,018400
Census Tract 185; Milwaukee County; Wisconsin,1775.0,6.0,266.0,15.0,55,079,018500
Census Tract 186; Milwaukee County; Wisconsin,2981.0,0.0,1641.0,55.0,55,079,018600
Census Tract 187; Milwaukee County; Wisconsin,2986.0,6.0,1254.0,42.0,55,079,018700
Census Tract 188; Milwaukee County; Wisconsin,1542.0,0.0,428.0,27.8,55,079,018800
Census Tract 189; Milwaukee County; Wisconsin,1186.0,13.0,433.0,36.5,55,079,018900
Census Tract 190; Milwaukee County; Wisconsin,4931.0,10.0,1197.0,24.3,55,079,019000
Census Tract 191; Milwaukee County; Wisconsin,3986.0,22.0,701.0,17.6,55,079,019100
Census Tract 192; Milwaukee County; Wisconsin,3110.0,25.0,576.0,18.5,55,079,019200
Census Tract 193; Milwaukee County; Wisconsin,2643.0,0.0,404.0,15.3,55,079,019300
Census Tract 194; Milwaukee County; Wisconsin,3715.0,0.0,201.0,5.4,55,079,019400
Census Tract 195; Milwaukee County; Wisconsin,3085.0,10.0,232.0,7.5,55,079,019500
Census Tract 196; Milwaukee County; Wisconsin,4019.0,34.0,625.0,15.6,55,079,019600
Census Tract 197; Milwaukee County; Wisconsin,5940.0,88.0,356.0,6.0,55,079,019700
Census Tract 198; Milwaukee County; Wisconsin,5437.0,7.0,1300.0,23.9,55,079,019800
Census Tract 199; Milwaukee County; Wisconsin,3696.0,0.0,520.0,14.1,55,079,019900
Census Tract 200; Milwaukee County; Wisconsin,4037.0,14.0,856.0,21.2,55,079,020000
Census Tract 201; Milwaukee County; Wisconsin,3824.0,0.0,473.0,12.4,55,079,020100
Census Tract 202; Milwaukee County; Wisconsin,3144.0,11.0,653.0,20.8,55,079,020200
Census Tract 203; Milwaukee County; Wisconsin,4217.0,53.0,827.0,19.6,55,079,020300
Census Tract 204; Milwaukee County; Wisconsin,3297.0,7.0,1543.0,46.8,55,079,020400
Census Tract 205; Milwaukee County; Wisconsin,3641.0,20.0,1266.0,34.8,55,079,020500
Census Tract 206; Milwaukee County; Wisconsin,3025.0,39.0,268.0,8.9,55,079,020600
Census Tract 207; Milwaukee County; Wisconsin,3893.0,11.0,295.0,7.6,55,079,020700
Census Tract 208; Milwaukee County; Wisconsin,3121.0,29.0,98.0,3.1,55,079,020800
Census Tract 209; Milwaukee County; Wisconsin,2541.0,6.0,81.0,3.2,55,079,020900
Census Tract 210; Milwaukee County; Wisconsin,2350.0,28.0,268.0,11.4,55,079,021000
Census Tract 211; Milwaukee County; Wisconsin,1329.0,13.0,41.0,3.1,55,079,021100
Census Tract 212; Milwaukee County; Wisconsin,1895.0,48.0,331.0,17.5,55,079,021200
Census Tract 213; Milwaukee County; Wisconsin,1806.0,9.0,147.0,8.1,55,079,021300
Census Tract 214; Milwaukee County; Wisconsin,3900.0,17.0,277.0,7.1,55,079,021400
Census Tract 215; Milwaukee County; Wisconsin,3245.0,0.0,522.0,16.1,55,079,021500
Census Tract 216; Milwaukee County; Wisconsin,4108.0,0.0,291.0,7.1,55,079,021600
Census Tract 217; Milwaukee County; Wisconsin,5845.0,142.0,585.0,10.0,55,079,021700
Census Tract 218; Milwaukee County; Wisconsin,2073.0,4.0,97.0,4.7,55,079,021800
Census Tract 301; Milwaukee County; Wisconsin,4214.0,0.0,128.0,3.0,55,079,030100
Census Tract 351; Milwaukee County; Wisconsin,2136.0,20.0,26.0,1.2,55,079,035100
Census Tract 352; Milwaukee County; Wisconsin,4547.0,10.0,173.0,3.8,55,079,035200
Census Tract 401; Milwaukee County; Wisconsin,1632.0,16.0,82.0,5.0,55,079,040100
Census Tract 501.01; Milwaukee County; Wisconsin,5644.0,0.0,137.0,2.4,55,079,050101
Census Tract 501.03; Milwaukee County; Wisconsin,4086.0,0.0,89.0,2.2,55,079,050103
Census Tract 501.04; Milwaukee County; Wisconsin,2834.0,11.0,231.0,8.2,55,079,050104
Census Tract 601.01; Milwaukee County; Wisconsin,4189.0,34.0,307.0,7.3,55,079,060101
Census Tract 601.02; Milwaukee County; Wisconsin,3289.0,1.0,24.0,0.7,55,079,060102
Census Tract 602; Milwaukee County; Wisconsin,6178.0,0.0,168.0,2.7,55,079,060200
Census Tract 701; Milwaukee County; Wisconsin,4464.0,24.0,49.0,1.1,55,079,070100
Census Tract 702; Milwaukee County; Wisconsin,4967.0,30.0,198.0,4.0,55,079,070200
Census Tract 703; Milwaukee County; Wisconsin,5234.0,80.0,59.0,1.1,55,079,070300
Census Tract 801; Milwaukee County; Wisconsin,2693.0,40.0,84.0,3.1,55,079,080100
Census Tract 802; Milwaukee County; Wisconsin,3909.0,60.0,197.0,5.0,55,079,080200
Census Tract 803; Milwaukee County; Wisconsin,3663.0,8.0,94.0,2.6,55,079,080300
Census Tract 804; Milwaukee County; Wisconsin,3362.0,25.0,0.0,0.0,55,079,080400
Census Tract 901; Milwaukee County; Wisconsin,4137.0,0.0,95.0,2.3,55,079,090100
Census Tract 902; Milwaukee County; Wisconsin,2444.0,3.0,57.0,2.3,55,079,090200
Census Tract 903; Milwaukee County; Wisconsin,3282.0,6.0,56.0,1.7,55,079,090300
Census Tract 906; Milwaukee County; Wisconsin,4211.0,80.0,55.0,1.3,55,079,090600
Census Tract 907; Milwaukee County; Wisconsin,3319.0,16.0,0.0,0.0,55,079,090700
Census Tract 908; Milwaukee County; Wisconsin,2143.0,18.0,88.0,4.1,55,079,090800
Census Tract 909; Milwaukee County; Wisconsin,4081.0,120.0,57.0,1.4,55,079,090900
Census Tract 910; Milwaukee County; Wisconsin,4628.0,28.0,86.0,1.9,55,079,091000
Census Tract 911; Milwaukee County; Wisconsin,4026.0,24.0,56.0,1.4,55,079,091100
Census Tract 912; Milwaukee County; Wisconsin,5575.0,43.0,133.0,2.4,55,079,091200
Census Tract 913; Milwaukee County; Wisconsin,3550.0,1.0,73.0,2.1,55,079,091300
Census Tract 914; Milwaukee County; Wisconsin,2314.0,0.0,43.0,1.9,55,079,091400
Census Tract 1001; Milwaukee County; Wisconsin,4019.0,52.0,910.0,22.6,55,079,100100
Census Tract 1002; Milwaukee County; Wisconsin,4654.0,7.0,560.0,12.0,55,079,100200
Census Tract 1003; Milwaukee County; Wisconsin,2366.0,26.0,177.0,7.5,55,079,100300
Census Tract 1004; Milwaukee County; Wisconsin,2702.0,0.0,107.0,4.0,55,079,100400
Census Tract 1005; Milwaukee County; Wisconsin,3428.0,127.0,42.0,1.2,55,079,100500
Census Tract 1006; Milwaukee County; Wisconsin,1761.0,27.0,244.0,13.9,55,079,100600
Census Tract 1007; Milwaukee County; Wisconsin,2762.0,36.0,165.0,6.0,55,079,100700
Census Tract 1008; Milwaukee County; Wisconsin,2967.0,15.0,0.0,0.0,55,079,100800
Census Tract 1009; Milwaukee County; Wisconsin,3608.0,71.0,97.0,2.7,55,079,100900
Census Tract 1010; Milwaukee County; Wisconsin,4800.0,24.0,13.0,0.3,55,079,101000
Census Tract 1011; Milwaukee County; Wisconsin,1651.0,12.0,90.0,5.5,55,079,101100
Census Tract 1012; Milwaukee County; Wisconsin,3012.0,104.0,145.0,4.8,55,079,101200
Census Tract 1013; Milwaukee County; Wisconsin,3007.0,10.0,215.0,7.1,55,079,101300
Census Tract 1014; Milwaukee County; Wisconsin,3913.0,15.0,260.0,6.6,55,079,101400
Census Tract 1015; Milwaukee County; Wisconsin,4429.0,0.0,298.0,6.7,55,079,101500
Census Tract 1016; Milwaukee County; Wisconsin,4480.0,1.0,507.0,11.3,55,079,101600
Census Tract 1017; Milwaukee County; Wisconsin,3273.0,309.0,509.0,15.6,55,079,101700
Census Tract 1018; Milwaukee County; Wisconsin,2780.0,90.0,110.0,4.0,55,079,101800
Census Tract 1101; Milwaukee County; Wisconsin,4038.0,98.0,646.0,16.0,55,079,110100
Census Tract 1201.01; Milwaukee County; Wisconsin,4333.0,15.0,30.0,0.7,55,079,120101
Census Tract 1201.02; Milwaukee County; Wisconsin,3808.0,5.0,115.0,3.0,55,079,120102
Census Tract 1202.01; Milwaukee County; Wisconsin,3629.0,73.0,142.0,3.9,55,079,120201
Census Tract 1202.02; Milwaukee County; Wisconsin,3255.0,0.0,570.0,17.5,55,079,120202
Census Tract 1202.03; Milwaukee County; Wisconsin,4170.0,4.0,562.0,13.5,55,079,120203
Census Tract 1203; Milwaukee County; Wisconsin,2199.0,129.0,267.0,12.1,55,079,120300
Census Tract 1204; Milwaukee County; Wisconsin,6274.0,69.0,621.0,9.9,55,079,120400
Census Tract 1205.01; Milwaukee County; Wisconsin,3806.0,0.0,343.0,9.0,55,079,120501
Census Tract 1205.02; Milwaukee County; Wisconsin,5564.0,0.0,568.0,10.2,55,079,120502
Census Tract 1301; Milwaukee County; Wisconsin,4905.0,0.0,233.0,4.8,55,079,130100
Census Tract 1302; Milwaukee County; Wisconsin,2784.0,14.0,106.0,3.8,55,079,130200
Census Tract 1401; Milwaukee County; Wisconsin,3187.0,32.0,203.0,6.4,55,079,140100
Census Tract 1402.01; Milwaukee County; Wisconsin,5641.0,17.0,171.0,3.0,55,079,140201
Census Tract 1402.02; Milwaukee County; Wisconsin,5766.0,114.0,227.0,3.9,55,079,140202
Census Tract 1501; Milwaukee County; Wisconsin,9139.0,32.0,391.0,4.3,55,079,150100
Census Tract 1503.01; Milwaukee County; Wisconsin,5943.0,11.0,288.0,4.8,55,079,150301
Census Tract 1503.03; Milwaukee County; Wisconsin,5056.0,53.0,19.0,0.4,55,079,150303
Census Tract 1503.04; Milwaukee County; Wisconsin,3905.0,30.0,217.0,5.6,55,079,150304
Census Tract 1601.01; Milwaukee County; Wisconsin,4744.0,8.0,500.0,10.5,55,079,160101
Census Tract 1601.02; Milwaukee County; Wisconsin,2442.0,6.0,91.0,3.7,55,079,160102
Census Tract 1602.02; Milwaukee County; Wisconsin,7337.0,74.0,439.0,6.0,55,079,160202
Census Tract 1602.03; Milwaukee County; Wisconsin,7637.0,43.0,380.0,5.0,55,079,160203
Census Tract 1602.05; Milwaukee County; Wisconsin,3106.0,24.0,220.0,7.1,55,079,160205
Census Tract 1602.06; Milwaukee County; Wisconsin,1925.0,6.0,23.0,1.2,55,079,160206
Census Tract 1603.01; Milwaukee County; Wisconsin,5198.0,12.0,238.0,4.6,55,079,160301
Census Tract 1603.02; Milwaukee County; Wisconsin,4936.0,60.0,580.0,11.8,55,079,160302
Census Tract 1701; Milwaukee County; Wisconsin,2533.0,22.0,136.0,5.4,55,079,170100
Census Tract 1702; Milwaukee County; Wisconsin,3687.0,24.0,204.0,5.5,55,079,170200
Census Tract 1703; Milwaukee County; Wisconsin,2570.0,69.0,238.0,9.3,55,079,170300
Census Tract 1704; Milwaukee County; Wisconsin,3055.0,39.0,91.0,3.0,55,079,170400
Census Tract 1705; Milwaukee County; Wisconsin,2030.0,16.0,76.0,3.7,55,079,170500
Census Tract 1706; Milwaukee County; Wisconsin,3428.0,51.0,96.0,2.8,55,079,170600
Census Tract 1707; Milwaukee County; Wisconsin,3139.0,0.0,339.0,10.8,55,079,170700
Census Tract 1801; Milwaukee County; Wisconsin,2910.0,16.0,258.0,8.9,55,079,180100
Census Tract 1802; Milwaukee County; Wisconsin,4382.0,57.0,262.0,6.0,55,079,180200
Census Tract 1803; Milwaukee County; Wisconsin,3686.0,66.0,367.0,10.0,55,079,180300
Census Tract 1804; Milwaukee County; Wisconsin,2743.0,21.0,56.0,2.0,55,079,180400
Census Tract 1805; Milwaukee County; Wisconsin,4132.0,125.0,146.0,3.5,55,079,180500
Census Tract 1851; Milwaukee County; Wisconsin,4790.0,111.0,15.0,0.3,55,079,185100
Census Tract 1852; Milwaukee County; Wisconsin,4214.0,97.0,324.0,7.7,55,079,185200
Census Tract 1853; Milwaukee County; Wisconsin,4819.0,32.0,41.0,0.9,55,079,185300
Census Tract 1854; Milwaukee County; Wisconsin,940.0,0.0,0.0,0.0,55,079,185400
Census Tract 1855; Milwaukee County; Wisconsin,1214.0,0.0,0.0,0.0,55,079,185500
Census Tract 1856; Milwaukee County; Wisconsin,2430.0,0.0,16.0,0.7,55,079,185600
Census Tract 1857; Milwaukee County; Wisconsin,2866.0,100.0,220.0,7.7,55,079,185700
Census Tract 1858; Milwaukee County; Wisconsin,1376.0,0.0,0.0,0.0,55,079,185800
Census Tract 1859; Milwaukee County; Wisconsin,956.0,0.0,0.0,0.0,55,079,185900
Census Tract 1860; Milwaukee County; Wisconsin,1706.0,0.0,34.0,2.0,55,079,186000
Census Tract 1861; Milwaukee County; Wisconsin,2060.0,0.0,30.0,1.5,55,079,186100
Census Tract 1862; Milwaukee County; Wisconsin,1415.0,0.0,53.0,3.7,55,079,186200
Census Tract 1863; Milwaukee County; Wisconsin,4378.0,8.0,32.0,0.7,55,079,186300
Census Tract 1864; Milwaukee County; Wisconsin,1145.0,0.0,32.0,2.8,55,079,186400
Census Tract 1865; Milwaukee County; Wisconsin,2121.0,0.0,681.0,32.1,55,079,186500
Census Tract 1866; Milwaukee County; Wisconsin,1986.0,6.0,550.0,27.7,55,079,186600
Census Tract 1868; Milwaukee County; Wisconsin,1441.0,34.0,348.0,24.1,55,079,186800
Census Tract 1869; Milwaukee County; Wisconsin,2181.0,16.0,11.0,0.5,55,079,186900
Census Tract 1870; Milwaukee County; Wisconsin,3276.0,54.0,53.0,1.6,55,079,187000
Census Tract 1872; Milwaukee County; Wisconsin,4914.0,35.0,79.0,1.6,55,079,187200
Census Tract 1873; Milwaukee County; Wisconsin,6929.0,0.0,470.0,6.8,55,079,187300
Census Tract 1874; Milwaukee County; Wisconsin,3731.0,54.0,40.0,1.1,55,079,187400
Census Tract 9800; Milwaukee County; Wisconsin,0.0,0.0,0.0,,55,079,980000
Census Tract 9900; Milwaukee County; Wisconsin,0.0,0.0,0.0,,55,079,990000
